uid,body,title,url,newspaper_uid,host,n_tokens_title,n_tokens_body
50b07d217ccc0deb253f0e48e2ebb3e4,"     Por Carlos Burgueño  cburgueno@ambito.com.ar  Las partes están preparadas, y sólo falta poner la fecha y la modalidad de la visita. El Fondo Monetario Internacional (FMI) confirmará en los próximos días, el momento exacto en que los técnicos del organismo llegarán a Buenos Aires, para avanzar en la primera de 11 misiones comprometidas y correspondientes a la firma del acuerdo de Facilidades Extendidas aprobado el 25 de marzo pasado. Y junto con las fechas, informará a Buenos Aires lo más importante y políticamente complicado: el listado de funcionarios del Ejecutivo (y autónomos) que los responsables de la misión fiscalizarán durante su viaje, algunos de los cuales (quizá muchos) están en contra del acuerdo en general. La esperanza del Ejecutivo es que este primer control se convierta en una especie de round de estudio y que no determine conflictos derivados de incumplimientos de las metas fiscales, macroeconómicas y monetarias pactadas antes de la firma del acuerdo; alguna de las cuales hoy quedaron sepultadas por la realidad. Especialmente la que pronosticaba una inflación del 48% para este año. Lo que se espera para este viaje, es que los responsables finales simplemente tomen nota de la marcha de las variables y que sólo sirvan como punto de partida para renegociar cuando también estén sobre la mesa los números y porcentajes correspondientes a la segunda misión; la que debería concretarse en agosto. En teoría, y según lo que se espera en todo el gobierno nacional, cuando la inflación esté en baja. O al menos no arroje resultados de 6% mensual de incremento.","Alberto Fernández y Guzmán esperan, confiados, la primera misión del FMI",https://www.ambito.com/economia/fmi/alberto-fernandez-y-guzman-esperan-confiados-la-primera-mision-del-n5429400,ambito,www.ambito.com,8,119
c33d8413edce443c04ff12a41394c801,"  Los teléfonos móviles del presidente de España,  Pedro Sánchez, y su ministra de Defensa, Margarita Robles, fueron objeto de  escuchas ""ilegales"" y ""externas"" a través del programa informático israelí Pegasus, afirmó el lunes el gobierno español.","España denuncia que el teléfono de Pedro Sánchez fue objeto de ""escuchas ilegales y externas""",https://www.ambito.com/mundo/pedro-sanchez/espana-denuncia-que-el-telefono-fue-objeto-escuchas-ilegales-y-externas-n5429477,ambito,www.ambito.com,9,23
3981bf3ea873cf806fb20d919b6a0692,"     Por Rocío Robledo   La forma obsoleta y tradicional bajo la que llevamos trabajando durante casi tres siglos, puntualmente desde la Revolución Industrial, está llegando a su fin. A medida que el proceso de vacunación avanza, llegando al 81.97% de la población con dos dosis aplicadas en Argentina según el Ministerio de Salud, las personas retoman actividades diarias y las empresas y sus colaboradores regresan gradualmente a las rutinas prepandémicas. Si 2020 fue el año de las oficinas remotas, este 2022 le dará la bienvenida al trabajo híbrido.","300 años sin cambios: ""adiós"" al modelo de trabajo que nos dejó la revolución industrial",https://www.ambito.com/opiniones/empleo/300-anos-cambios-adios-al-modelo-trabajo-que-nos-dejo-la-revolucion-industrial-n5428231,ambito,www.ambito.com,8,47
61a17422711347bad2655de210a78f2a,"   Netflix continúa modificando sus valores en Argentina y cada vez que lo anuncia, es un dolor de cabeza para todos los usuarios que día a día disfrutan de la plataforma de streaming líder del mercado. ",Malas noticias para los fanáticos de Netflix: aumentará hasta un 27%,https://www.ambito.com/economia/netflix/malas-noticias-los-fanaticos-aumentara-un-27-n5429070,ambito,www.ambito.com,5,18
1c011408ef93bb1b91b3829f80acf324,"  El actor estadounidense Robert De Niro llegó ayer a Argentina de cara a su participación en el rodaje de ""Nada"", la serie de Mariano Cohn y Gastón Duprat protagonizada por Luis Brandoni que podrá verse el año que viene en Star+.",Robert De Niro ya está en Argentina para filmar con Luis Brandoni,https://www.ambito.com/espectaculos/serie/robert-niro-ya-esta-argentina-filmar-luis-brandoni-n5429394,ambito,www.ambito.com,6,22
f04febd7d536eb015e695d1afdaa0c6e,     Por Giuliana Iglesias   La última semana de los dólares paralelos fue un sube y baja. El dólar salió del veranito cambiario del que gozó desde la firma del acuerdo con el Fondo Monetario Internacional (FMI) y jugó al amague. ¿Pero cuánto tiempo?,Dólar: los cinco factores que suman presión sobre el tipo de cambio en mayo ,https://www.ambito.com/finanzas/dolar/los-cinco-factores-que-suman-presion-el-tipo-cambio-mayo-n5429167,ambito,www.ambito.com,8,19
3b9f252a91f53aa05f7a9a079cdfde72,"     Por Mariana Leiva    La edición Hot Sale 2022 se llevará a cabo entre el 30 de mayo y 1° de junio, por lo que ya muchas empresas comenzaron a analizar el comportamiento de sus clientes de manera de optimizar su presencia digital con el objetivo de potenciar sus ventas en esa nueva temporada de descuentos.",Hot Sale: ¿Cómo será el comportamiento de los consumidores este año?,https://www.ambito.com/economia/hot-sale/como-sera-el-comportamiento-los-consumidores-este-ano-n5424529,ambito,www.ambito.com,5,25
5a4f28b4e9b1e60768fe0f83530abf66,"   El argentino Sebastián Báez ganó este domingo su primer título en el circuito mayor del tenis, al vencer al estadounidense Frances Tiafoe 6-3 y 6-2 en la final del ATP de Estoril, en Portugal. ",El argentino Sebastián Báez se coronó campeón en Estoril,https://www.ambito.com/deportes/estoril/el-argentino-sebastian-baez-se-corono-campeon-n5429165,ambito,www.ambito.com,6,18
f925ee743f12ac63d50eb06603413f16,"  Con mucho frío y nevadas tempranas, varias reuniones se trasladaron al sur (Neuquén, y Llao Llao en Río Negro), y por eso vinieron muchos quinchos de nieve, con empresarios y políticos. Pero también en Buenos Aires hubo encuentros varios. Reaparecieron Alberto Fernández y el encargado de los precios, Roberto Feletti. Se recalientan más las internas. Un 1 de Mayo en domingo, y con faltazo de la CGT. Actos por los 169 años de la Constitución Nacional en Santa Fe. Otra vez el dólar alterado, una especie de escandalete diplomático con desmentidas y acusaciones cruzadas, y varios chimentos más. Veamos.",Charlas de quinchos,https://www.ambito.com/politica/charlas-quincho/s-n5429439,ambito,www.ambito.com,2,51
9273d5cca74285eed53673de53e9b012,"  La creación de empleo privado acumuló un crecimiento de 13 meses consecutivos entre diciembre 2020 y enero 2022, según los registros del Sistema Integrado Previsional Argentino (SIPA), con tasas que alcanzaron niveles de hasta el 0,5% mensual entre noviembre y enero pasado, debido al proceso de expansión de la economía de los últimos años, indicó un informe del Ministerio de Trabajoe",La creación de empleo privado tuvo un crecimiento durante 13 meses consecutivos,https://www.ambito.com/informacion-general/empleo/la-creacion-privado-tuvo-un-crecimiento-13-meses-consecutivos-n5428721,ambito,www.ambito.com,6,33
595ab054d7d86384acd652dbeb77e3dd,"   Divididos, Nathy Peluso, Los Auténticos Decadentes y Catupecu Machu se repartieron ayer los protagonismos en la segunda y última jornada del Quilmes Rock, en el predio de Tecnópolis, lo que le otorgó un carácter fiestero y demoledor, en similares dosis, a ese cierre. ","Entre ""aplanadoras"" y papel picado, el Quilmes Rock tuvo un intenso cierre de su edición del regreso",https://www.ambito.com/espectaculos/rock/entre-aplanadoras-y-papel-picado-el-quilmes-tuvo-un-intenso-cierre-su-edicion-del-regreso-n5429460,ambito,www.ambito.com,9,24
1b6d050588fe062cad00901255b0dc1f,"  Tras quedarse a las puertas del balotaje en la elección presidencial en Francia, los partidos de  izquierda intensificaron este lunes sus esfuerzos para presentarse ahora juntos a las legislativas de junio e intentar condicionar las políticas del mandatario reelecto, el liberal Emmanuel Macron. ",Francia: la izquierda entabla duras negociaciones para formar un frente en las legislativas,https://www.ambito.com/mundo/francia/la-izquierda-entabla-duras-negociaciones-formar-un-frente-las-legislativas-n5429524,ambito,www.ambito.com,8,25
189c42a11bde1f32d4788263b0371bfa,"   Con el emblemático Día del Trabajador como telón de fondo, cuatro gobernadores dieron este domingo el puntapié inicial a las sesiones ordinarias en sus provincias y completaron así la grilla de aperturas parlamentarias 2022. Fue con un mix de discursos que incluyó planteos a la administración de Alberto Fernández -algunos, más ruidosos- en torno a la marcha de la economía, la política de manejo de recursos nacionales y la seguridad, y sólo un guiño explícito de agradecimiento al Presidente. ","Con balances y planteos a Nación, cuatro gobernadores abrieron sesiones",https://www.ambito.com/nacional/sesiones/con-balances-y-planteos-nacion-cuatro-gobernadores-abrieron-n5429294,ambito,www.ambito.com,7,39
5f644e7c3bdca37a1fdd271e12ba0ce0,  El teatro Bolshói de Moscú anunció la retirada de su programa de espectáculos previstos en mayo de dos directores que abandonaron Rusia y expresaron públicamente su oposición a la ofensiva en Ucrania.,Rusia: el Bolshói retira los espectáculos de dos directores críticos,https://www.ambito.com/espectaculos/rusia/el-bolshoi-retira-los-dos-directores-criticos-n5429500,ambito,www.ambito.com,7,18
2ecc775451f54c7399eea9fa9e900f2a,"   No caben dudas que el reciente comprador de Twitter, Elon Musk y el informático Bill Gates, son dos de las personas en las que muchos se inspiran a la hora de emprender, ir en busca de sus sueños y, claramente, convertirse en multimillonarios. ",Las 5 claves para descubrir si tenés la personalidad de un millonario,https://www.ambito.com/informacion-general/elon-musk/las-5-claves-descubrir-si-tenes-la-personalidad-un-millonario-n5429545,ambito,www.ambito.com,6,21
6cd9aaf9776814026366118057a60c08,"  El ministro de Asuntos Exteriores de Israel, Yair Lapid, criticó este lunes la afirmación de su homólogo ruso  Serguéi Lavrov de que Hitler ""tenía sangre judía"", y convocó al embajador ruso para pedirle ""aclaraciones"" a Moscú.","Israel condena los dichos del canciller ruso sobre que ""Hitler tenía sangre judía""",https://www.ambito.com/mundo/israel/condena-los-dichos-del-canciller-ruso-que-hitler-tenia-sangre-judia-n5429487,ambito,www.ambito.com,8,22
01784362dcbefc1a482f224dc8f69ee4,"  A fines de marzo, el diputado radical Alejandro Cacece presentó un proyecto de ley al Congreso de la Nación para dolarizar la economía. El proyecto que sólo contó con ocho artículos, generó el debate entre economistas y en la opinión pública. Si bien algunos economistas aseguran que la dolarización podría ser una forma de ""blanquear"" lo que ya sucede en la práctica, otros se manifestaron en contra de esta posibilidad por el duro impacto social que tendría realizar ese proceso. Pero la Universidad de Belgrano fue más allá y estimó a cuánto estaría el dólar si la  dolarización se llevara adelante.",Dólar: a cuánto se iría y qué pasaría con los salarios en una eventual dolarización,https://www.ambito.com/economia/dolar/cuanto-se-iria-y-que-pasaria-los-salarios-una-eventual-izacion-n5429608,ambito,www.ambito.com,7,51
507b7d6480a6d122df838a953f54adb5,     Por Claudio Caprarulo   En abril se terminó la paz cambiaria que había llegado con el aporte neto de u$s6.752 millones del FMI y los dólares paralelos volvieron a cotizar 80 por ciento por encima del oficial.,Terminó la pax cambiaria justo en el momento de acumular dólares,https://www.ambito.com/finanzas/dolar/termino-la-pax-cambiaria-justo-el-momento-acumular-es-n5429043,ambito,www.ambito.com,7,19
78f4a60884b7318b5c80b457088ce655,"     Por Salvador Di Stéfano     La suba del dólar blue no parece que pueda sostenerse en los próximos 90 días, un aluvión de vencimientos impositivos, el Estado que se convierte en una aspiradora de fondos y altas tasas de interés lo mantendrán planchado. Hay que comprar cuando la brecha está cerca del 70% y vender con brecha por encima del 100%. ",Por qué el dólar blue no podrá sostenerse en los niveles actuales,https://www.ambito.com/finanzas/dolar/por-que-el-blue-no-podra-sostenerse-los-niveles-actuales-n5426044,ambito,www.ambito.com,6,28
5de45b4da5ad7b37c1b31a6f04a24238,"   Apple y Google están recibiendo fuertes embestidas por parte de la Unión Europea por ""posición dominante"". Google, una unidad de Alphabet, pidió al segundo tribunal más importante de Europa que desestime una multa de 1.490 millones de euros (u$s1600 millones) impuesta por los reguladores antimonopolio hace tres años por obstaculizar a sus rivales en la publicidad de las búsqueda en línea. En el mismo orden, la Comisión Europea acusó a Apple de restringir a través de Apple Pay, el acceso a sus competidores a tecnología clave para ofrecer servicios de pago en Iphone o Ipad. De qué se trata.","¿Se vienen las sanciones?: Apple y Google acusados de ""posición dominante"" y obstaculizar a sus rivales",https://www.ambito.com/negocios/apple/se-vienen-las-sanciones-y-google-acusados-posicion-dominante-y-obstaculizar-sus-rivales-n5429544,ambito,www.ambito.com,9,55
5b7795cb3d25e8b7c03dfbce628f2934,"     Por Emilse Córdoba   La economía argentina se mueve en ciclos y eso permite discrepancias de precio y valor en las que los inversores podemos hacer una diferencia. A río revuelto, ganancia de pescadores, diría mi abuela.","¿Dólar, bonos, acciones? En qué invertir luego de que pase la confusión ",https://www.ambito.com/finanzas/inversiones/dolar-bonos-acciones-que-invertir-luego-que-pase-la-confusion-n5427740,ambito,www.ambito.com,6,19
4698025a7d9189e83be33ad0687f0646,"   La inflación de abril no viene bien. No esperamos una baja pronunciada, eso ocurrirá en mayo, confirmó este sábado el ministro de Desarrollo Productivo, Matías Kulfas, en una entrevista radial, en la que también dijo que desde hace un rato largo me preocupa la inflación. Es un problema que lleva 15 años.","El Gobierno admite que ""la inflación de abril no viene bien"" y que no esperan ""una baja pronunciada""",https://www.ambito.com/economia/inflacion/el-gobierno-admite-que-la-abril-no-viene-bien-y-que-no-esperan-una-baja-pronunciada-n5428677,ambito,www.ambito.com,9,25
42b938fd355052ac529bcad73c749967,"     Por José Siaba Serrate    Periodista: Después de un castigo tan duro y prolongado, y cuando el pesimismo es la regla en Wall Street, uno esperaría la sorpresa de un rebote a contramano, y fuerte. Se intentó un par de veces y en ambas fracasó sin pena ni gloria. ¿Vamos rumbo a una capitulación? ",Diálogos de Wall Street,https://www.ambito.com/economia/wall-street/dialogos-n5425772,ambito,www.ambito.com,3,27
09f0e4c3b591b1d9b885d8ae786263f0,  La minería de criptomonedas sube su popularidad día a día en Argentina a medida que los activos digitales ganan protagonismo en la vida diaria de los argentinos que buscan ahorrar sin límites ni cepos.,Criptomonedas: ¿Es posible minar con el celular?,https://www.ambito.com/finanzas/criptomonedas/es-posible-minar-el-celular-n5429614,ambito,www.ambito.com,4,19
15a0322f2c1664bbbd8ebd38720174e4,  Organizaciones sociales y políticas conmemoraron este domingo el Día del Trabajador con actos y movilizaciones en la ciudad de Buenos Aires.,"Día del Trabajador: movimientos sociales pidieron avanzar en ""los derechos que faltan""",https://www.ambito.com/politica/trabajadores/dia-del-trabajador-movimientos-sociales-pidieron-avanzar-los-derechos-que-faltan-n5429045,ambito,www.ambito.com,8,12
eb59e784f1b2a9d4e89d6946040f4629,"  El presidente Alberto Fernández manifestó hoy su ""reconocimiento más sincero"" y su ""eterna gratitud"" a las Madres de Plaza de Mayo, sobre quienes destacó que ""miraron el terror a los ojos"", al cumplirse 45 años de la primera ronda que realizaron para reclamar sobre el paradero de sus hijos e hijas, secuestrados durante la dictadura cívico militar.","Alberto Fernández, a las Madres de Plaza de Mayo: ""Mi sincero reconocimiento y mi eterna gratitud""",https://www.ambito.com/politica/alberto-fernandez/las-madres-plaza-mayo-mi-sincero-reconocimiento-y-mi-eterna-gratitud-n5428747,ambito,www.ambito.com,9,29
9e5939c7a0531191179ea9fbbb561bef,"  Este pasado sábado, en Las Vegas, se llevó a cabo uno de los eventos más convocantes del mundo del boxeo en lo que va del año. La cartelera que encabezaron Oscar Valdez y Sakhur Stevenson tuvo como co-estelar la presencia de Nico Ali Walsh, nieto de nada menos que Muhammad Ali.",El nieto de Muhammad Ali se lució con un impactante nocaut en Las Vegas,https://www.ambito.com/deportes/boxeo/el-nieto-muhammad-ali-se-lucio-un-impactante-nocaut-las-vegas-n5429603,ambito,www.ambito.com,7,25
ed8f1b2ebb69cc25d2f15fd472467a6f,  A partir de mayo comienza el pago del bono de $18.000 confirmado por el por Gobierno. Mientras tanto la Administración Nacional de la Seguridad Social (ANSES) comienza con el calendario de pagos del mes para todos las prestaciones y programas.,Tarjeta Alimentar: fechas de pago para beneficiarios de AUH y AUE consultá cuándo cobrás con tu DNI,https://www.ambito.com/informacion-general/auh/tarjeta-alimentar-fechas-pago-beneficiarios-y-aue-consulta-cuando-cobras-tu-dni-n5429481,ambito,www.ambito.com,11,19
d3b702a4f769342b8934191788d783ea,"  El dólar hoy -sin los impuestos- opera estable este lunes a 2 de mayo de $120,64 para la venta, de acuerdo al promedio en los principales bancos del sistema financiero, mientras que en el Banco Nación el billete se mantiene sin cambios a $119,75 para la venta.",Dólar hoy: a cuánto cotiza este lunes 2 de mayo de 2022,https://www.ambito.com/finanzas/dolar/hoy-cuanto-cotiza-este-lunes-2-mayo-2022-n5429306,ambito,www.ambito.com,6,20
4751041f93f5e6d6664829031b6cdfce,"     Por Gonzalo J. Zanotti  gzanotti@ambito.com.ar  @gonazanotti   Con el objetivo de impulsar el consumo sustentable, un grupo de emprendedores de Tucumán creó CIRCCLO, una empresa enfocada en la reutilización de envases de uso diario. La propuesta le permite al consumidor ahorrar hasta un 40% en el precio final al pagar solamente por el contenido del producto y evitar de esta manera abonar el packaging cada vez que compra. Ahora buscan escalar el proyecto con nueva tecnología para expandirse por el país y al exterior. ",De Tucumán a la Expo Dubai: la startup CIRCCLO quiere terminar con los envases de un solo uso y esta es su propuesta,https://www.ambito.com/negocios/consumo/de-tucuman-la-expo-dubai-la-startup-circclo-quiere-terminar-los-envases-un-solo-uso-y-esta-es-su-propuesta-n5429437,ambito,www.ambito.com,11,45
96046f018d17a36c0109cbf493905bf5,   La pandemia de coronavirus ya superó la barrera de los dos años y aun así todavía continúan las restricciones en algunas partes del mundo. ,Covid-19: estos destinos aún siguen cerrados al turismo después de la pandemia,https://www.ambito.com/informacion-general/coronavirus/covid-19-estos-destinos-aun-siguen-cerrados-al-turismo-despues-la-pandemia-n5429503,ambito,www.ambito.com,7,13
c1d6610d5cb0cdceb6b45552e91d87bd,"  El presidente Alberto Fernández presentará a las 15 en el Parque Colón de Casa Rosada el proyecto de ley ""Cuidar en Igualdad"" para la creación del Sistema Integral de Políticas de Cuidados de Argentina.",Alberto Fernández presenta el proyecto que amplía las licencias por maternidad y paternidad,https://www.ambito.com/politica/alberto-fernandez/presenta-el-proyecto-que-amplia-las-licencias-maternidad-y-paternidad-n5429520,ambito,www.ambito.com,8,18
bbf048d144c075e3b557f9fc0da981df,"   Según precisó Check Point Research (CPR), la mayoría de los teléfonos celulares con dispositivo Android se encuentran bajo amenaza por una falla que existe hace más de 10 años, pero que recién en los últimos días se dio a conocer. ",Especialistas revelan la existencia de una falla que afecta a la mayoría de los celulares del mundo,https://www.ambito.com/informacion-general/celulares/especialistas-revelan-la-existencia-una-falla-que-afecta-la-mayoria-los-del-mundo-n5429205,ambito,www.ambito.com,8,23
ee2c98fccba88f85bfd5936585b4d34e,"   El base marplatense Luca Vildoza jugó el último minuto y 12 segundos del primer partido de la serie semifinal de la Conferencia Este en que su equipo, el vigente campeón de la NBA, Milwaukee Bucks, le ganó como visitante a Boston Celtics por 101 a 89, en partido desarrollado esta noche en el TD Garden.","Con un minuto de Vildoza, el campeón pisó fuerte en Boston ",https://www.ambito.com/deportes/vildoza/con-un-minuto-el-campeon-piso-fuerte-boston-n5429117,ambito,www.ambito.com,6,28
2144c871ebad4221f11751219914fa52,"     Por Liliana Franco   El sector comercio y servicios creció algo más de 7% en el primer bimestre del año, comparado con los mismos meses de 2021, pero todavía está más de 5% por debajo del pico de 2018, es decir la recuperación es parcial y heterogénea, afirmó Natalio Mario Grinman, presidente de la Cámara Argentina de Comercio y Servicios (CAC). ","Grinman: ""La renta inesperada es una iniciativa negativa""",https://www.ambito.com/economia/comercio/grinman-la-renta-inesperada-es-una-iniciativa-negativa-n5428973,ambito,www.ambito.com,5,28
87c874c8e0fa96e97990d52ab910d04f,"  Mientras ANSES continúa con la inscripción abierta para el cobro del nuevo bono de $18.000 -similar al IFE- para trabajadores no registrados y empleadas domésticas, el Banco Nación informó que ""debido a razones ajenas a la Institución, el proceso de alta de nuevos clientes a través de su aplicación BNA+ opera con incidencias técnicas"".",Nuevo IFE de ANSES: Banco Nación informó un problema con BNA+ ,https://www.ambito.com/informacion-general/anses/nuevo-ife-banco-nacion-informo-un-problema-bna-n5429547,ambito,www.ambito.com,7,28
cdfbd19aa88f255e43e9b88b93b0a0cd,"     Por Carlos Lamiral    Mientras el presidente Alberto Fernández decía días atrás que la primera preocupación de su gobierno era que no faltaran dólares para sostener la actividad productiva, datos del balance cambiario del Banco Central indican que en marzo pasado la entidad monetaria vendió una de las cantidades más altas de divisas para la importación de bienes desde diciembre de 2013.  ","Las ventas de dólares a importadores crecieron 36,8% en marzo",https://www.ambito.com/economia/divisas/las-ventas-dolares-importadores-crecieron-368-marzo-n5429243,ambito,www.ambito.com,5,34
c7c849ba952753114d7327536c2b2793,"  Seguro que en varias ocasiones has recibido un mensaje por WhatsApp y lo han borrado instantáneamente: ""Se eliminó este mensaje"". Lo cierto es que aunque la otra persona no puede saber de ninguna forma el contenido del mismo, existen aplicaciones capaces de recuperar estos mensajes. ",WhatsApp: cómo ver los mensajes eliminados,https://www.ambito.com/informacion-general/whatsapp/como-ver-los-mensajes-eliminados-n5429509,ambito,www.ambito.com,5,24
c88f680a0310b56b3b38112177bf6e67,"  La Secretaría de Comercio Interior envió este domingo un requerimiento de información a las empresas Guerrini, Bridgestone, Corral, FATE, Fortalein S.A., Neumasur, Larocca y Pirelli, solicitando a cada una de estas firmas que remitan datos sobre producción, precios de salida de fábrica, de venta a distribuidores como así también costos de producción y comercialización. ",El Gobierno intimó a fabricantes de neumáticos a trasparentar costos de producción,https://www.ambito.com/economia/precios/el-gobierno-intimo-fabricantes-neumaticos-trasparentar-costos-produccion-n5429350,ambito,www.ambito.com,7,31
93b18b854dfbb179482f170b74fccdac,"   El piloto Agustín Canapino, con Chevrolet, se quedó hoy con la final del TC2000 en la ciudad entrerriana de Concordia, donde Bernardo Llaver le dio el 1-2 al equipo al ubicarse como escolta y Matías Milla, de Renault, completó el podio. ",Agustín Canapino triunfó y se quedó con la final del TC2000 en Concordia,https://www.ambito.com/deportes/canapino/agustin-triunfo-y-se-quedo-la-final-del-tc2000-concordia-n5429191,ambito,www.ambito.com,6,21
6bf67b62241a9e6124ce1d5e0a059241,"   El argentino Franco Girolami, con Audi, se llevó hoy un gran triunfo en la segunda carrera del TCR Europeo de automovilismo del fin de semana, correspondiente a la primera fecha del campeonato que se corrió en el autódromo de Algarve, Portimao, Portugal. ",El argentino Franco Girolami logró un gran triunfo en el TCR Europeo,https://www.ambito.com/deportes/automovilismo/el-argentino-franco-girolami-logro-un-gran-triunfo-el-tcr-europeo-n5429135,ambito,www.ambito.com,8,24
66ae328a45836c8e01476e8379c7b927,"         Por Gabriel Morini     El gobernador de Formosa Gildo Insfrán fue sobreseído definitivamente por la Justicia en un desprendimiento de la denominada causa Ciccone, en donde se investigaba un posible delito en la reestructuración de la deuda pública de esa provincia. En dos fallos sucesivos a los que tuvo acceso Ámbito, el juez Marcelo López Picabea, a cargo del Juzgado de Instrucción y Correccional N°4 estableció, luego de casi una década de iniciada la causa y tras la recolección de todas las pruebas posibles, que no hubo delito alguno en la operatoria del mandatario provincial respecto a sus gestiones ante autoridades nacionales y que tampoco existió una intermediación para tal fin, a través de la contratación como consultora de la firma The Old Fund, que tenía como cabeza visible al polémico arrepentido Alejandro Vandenbroele. Para la justicia, no hubo irregularidad alguna en los convenios firmados con Nación ni tampoco hubo objeciones a lo largo de los años- de parte de ningún organismo de control. Así, no solo el acuerdo de reestructuración fue legal, según se concluyó, sino que además, por el paso del tiempo, terminó siendo cumplido en todos sus términos por parte de la provincia.",Justicia sobreseyó a Insfrán por tramo pendiente del caso Ciccone,https://www.ambito.com/politica/gildo-insfran/justicia-sobreseyo-insfran-tramo-pendiente-del-caso-ciccone-n5429426,ambito,www.ambito.com,7,100
02fc269c459b46d7a07402ef5ee4fd87,"     Por Florencia Barragan   El Gobierno convocó a mineras y ambientalistas para lograr consensos para que avance la minería, actividad que podría triplicar sus exportaciones debido a la transición energética, pero que se encuentra prohibida en 7 provincias del país. El encuentro se da en medio de tensiones con los empresarios mineros por el impuesto a la renta inesperada y en medio de cambios dentro de la Secretaría de Minería, tras la salida del subsecretario, Andrés Vera.",Minería: Gobierno junta a empresarios y ambientalistas para destrabar la actividad,https://www.ambito.com/economia/mineria-gobierno-junta-empresarios-y-ambientalistas-destrabar-la-actividad-n5429301,ambito,www.ambito.com,7,40
e59f6cbbf4e1ae2a21f8c652cc6b73f4,"     Por Pablo Tigani   Ya no es posible que los depositantes sean argentinos y los receptores del crédito empresas extranjeras que a su vez le venden a ciudadanos argentinos y luego envían sus utilidades a sus casas matrices. Necesitamos direccionar el crédito bancario. Antes de la RF 6/77, las empresas extranjeras debían fondearse con sus casas matrices o con sus bancos extranjeros. Lo que necesita el Ministerio de Economía y el BCRA es recalibrar la Ley de Entidades Financieras. ","El crédito, una limitación insostenible",https://www.ambito.com/opiniones/credito/el-una-limitacion-insostenible-n5426713,ambito,www.ambito.com,3,39
17793b018c27763723891c08bb55b349,"   Lionel Messi y sus hijos Thiago, Mateo y Ciro, sorprendieron a su mamá, Antonela Roccuzzo, por el Día de la Madre en Barcelona. ",La sorpresa de Messi y sus hijos a Antonela Roccuzzo por el Día de la Madre en España,https://www.ambito.com/deportes/messi/la-sorpresa-y-sus-hijos-antonela-roccuzzo-el-dia-la-madre-espana-n5429097,ambito,www.ambito.com,8,13
d4ed8d89324e4aa0c4b7653a8ed82d16,"  Las calles de Pergamino fueron testigo de un insólito hecho que quedó registrado en un video, cuando un hombre con muletas que pedía dinero en un semáforo se enfrentó a golpes con un motociclista que lo acusó de disimular su discapacidad. ","Pergamino: pedía limosnas en la calle y terminó a los ""muletazos""",https://www.ambito.com/informacion-general/redes-sociales/pergamino-pedia-limosnas-la-calle-y-termino-los-muletazos-n5429622,ambito,www.ambito.com,6,18
82de8f1f8fd2cdf89d104af5a76ac64b,"  El ministro de Economía, Martín Guzmán, advirtió este viernes que cada vez que Argentina tuvo un período en el cual hubo un crecimiento económico que no se distribuyó de forma razonable, no se pudo sostener en el tiempo. ","Guzmán habló sobre el impuesto a la renta inesperada y pidió a empresarios ""construir colectivamente""",https://www.ambito.com/politica/renta-inesperada/guzman-hablo-el-impuesto-la-y-pidio-empresarios-construir-colectivamente-n5428213,ambito,www.ambito.com,9,16
b5361d1b81d4d7f59ed5d7a83595d7b8,"  Tras el nuevo IFE confirmado, la Administración Nacional de la Seguridad Social ( ANSES), a cargo de Fernanda Raverta, confirmó el calendario de pagos del mes de mayo para jubilados, pensionados, Pensiones No Contributivas, titulares de la Asignación Universal por Hijo (AUH) y la Asignación por Embarazo, Asignaciones Familiares y de Pago Único (Matrimonio, Nacimiento y Adopción), Prestación por Desempleo y Progresar. ","Cuándo cobro ANSES: jubilaciones, pensiones, programas y otras prestaciones, para el lunes 2 de mayo de 2022",https://www.ambito.com/informacion-general/anses/cuando-cobro-jubilaciones-pensiones-programas-y-otras-prestaciones-el-lunes-2-mayo-2022-n5429113,ambito,www.ambito.com,9,38
16037436e0c303d8fc4e65141079c129,"  Sigue adelante la inscripción para el pago del bono de $18.000 confirmado por el Gobierno y la Administración Nacional de la Seguridad Social (ANSES) mantiene a disposición de sus beneficiarios un canal virtual para la gestión de trámites y para acceder a prestaciones sociales como la Asignación Universal por Hijo (AUH), la Asignación por Embarazo (AUE), Prestación por Desempleo, jubilaciones y pensiones, entre otras.",Clave de Seguridad Social de ANSES: cómo tramitarla para cobrar el bono de $18.000 y otros beneficios,https://www.ambito.com/informacion-general/anses/clave-seguridad-social-como-tramitarla-cobrar-el-bono-18000-y-otros-beneficios-n5429501,ambito,www.ambito.com,9,33
d71680d09fb0d76fea215f53eea45450,"  La diputada de Juntos por el Cambio (JxC) y exgobernadora bonaerense María Eugenia Vidal sostuvo hoy que ""es muy temprano para definir candidaturas"", al arribar a la provincia de Córdoba para participar de diferentes actividades.",Vidal pide no hablar de candidaturas mientras busca convencer a empresarios cordobeses,https://www.ambito.com/politica/maria-eugenia-vidal/vidal-pide-no-hablar-candidaturas-mientras-busca-convencer-empresarios-cordobeses-n5429532,ambito,www.ambito.com,9,20
09e1de70677a13962e580467278fb4ff,"  Luego de varios rumores es oficial: cinco de los seis protagonistas originales de ""That '70s Show"" han cerrado acuerdos para regresar en la secuela de Netflix titulada ""That '90s Show"".","El elenco original de ""That '70s Show"" se suma a la serie secuela producida por Netflix",https://www.ambito.com/espectaculos/netflix/el-elenco-original-that-70s-show-se-suma-la-serie-secuela-producida-n5429624,ambito,www.ambito.com,9,18
96c1b2094cbd8749b231da0f8f2d551b,"     Por Yanina Otero     Estaba dentro de los planes de Bioceres para este año pero el visto bueno llegó para coronar los planes de crecimiento de la empresa capitales argentinos. Concretamente, el viernes pasado China le dio el visto bueno a la soja HB4 tolerante a la sequía desarrollada por Bioceres, esto abre entonces una ventana gigante para el país ya que el país asiático es el principal importador de soja del mundo y el mayor comprador de subproductos de la oleaginosa de argentina. ",Bioceres recibió el visto bueno de China por la soja HB4 y se abre un negocio inmenso para Argentina,https://www.ambito.com/economia/bioceres/recibio-el-visto-bueno-china-la-soja-hb4-y-se-abre-un-negocio-inmenso-argentina-n5429339,ambito,www.ambito.com,10,43
c1ef0f6ec002610624b3979dde5c2dce,"  Uno por uno, los nombres de 55 caídos de la Fuerza Aérea Argentina (FAA) en la Guerra de Malvinas resonaron hoy entre los antiguos hangares del aeródromo de San Julián, donde varios de sus camaradas junto a autoridades civiles y militares conmemoraron el 40 aniversario del Bautismo de Fuego de los pilotos argentinos.","Junto a veteranos, Taiana conmemoró los 40 años del bautismo de fuego de la Fuerza Aérea",https://www.ambito.com/politica/malvinas/junto-veteranos-taiana-conmemoro-los-40-anos-del-bautismo-fuego-la-fuerza-aerea-n5429220,ambito,www.ambito.com,9,27
10afb87130916ae4fa3ac8c28060a97f,"     Por Gabriel Matera  gmatera@ambito.com.ar  El Censo 2022 se llevará a cabo el próximo miércoles 18 de mayo. El Instituto Nacional de Estadísticas y Censos (INDEC) sigue afinando detalles para la gran cita que tiene lugar cada 10 años. Esta vez se suma la opción de realizar el Censo digital desde la web, la cual está habilitada desde el 16 de marzo, como una de las novedades más destacadas.","Marco Lavagna: ""Es imposible suponer que el problema de la inflación se soluciona de forma inmediata""",https://www.ambito.com/politica/indec/marco-lavagna-es-imposible-suponer-que-el-problema-la-inflacion-se-soluciona-forma-inmediata-n5428183,ambito,www.ambito.com,9,33
92faf65c8c90830d99bd95e34167eff9,     Por Miguel Boggiano    El dólar picó en punta luego de varios meses de tranquilidad. ¿Por qué subió tanto en poco tiempo? ¿A qué valor puede llegar? Leé hasta el final que te cuento todo.,Dólar camino a $300,https://www.ambito.com/opiniones/dolar/camino-300-n5429298,ambito,www.ambito.com,2,17
cf9ec043e9773ce8a2456611e4a02290,"  A la espera del resultado de las pericias toxicológicas, Pablo Damián Grottini se encuentra detenido en la localidad bonaerense de San Nicolás. El sospechoso de varias muertes en serie aguarda definiciones de la Justicia que podrían complicar su situación procesal.",Asesino de Ramallo: el pedido de la defensa que cambiaría el destino de la causa,https://www.ambito.com/informacion-general/hospital/asesino-ramallo-el-pedido-la-defensa-que-cambiaria-el-destino-la-causa-n5429542,ambito,www.ambito.com,7,24
09107a7a9d14c18e7ab6e14985926130,"     Por Estefanía Pozzo    Cuando se abrió la ronda de preguntas al ministro de Economía, Martín Guzmán, los empresarios que lo habían escuchado durante 40 minutos en el exclusivo hotel Llao Llao, en Bariloche, apuntaron especialmente a un proyecto en particular: pidieron detalles de cómo piensa cobrar el Gobierno un aporte sobre la renta inesperada. Según supo Ámbito, hubo insistencia con este asunto y el funcionario tuvo que responder al menos tres veces sobre el proyecto. Allí, en una sala con sillones y un pequeño escenario con una pantalla de fondo que permitió a Guzmán proyectar una serie de filminas albertistas, el ministro aseguró que estiman que menos del 1% de las empresas deberán hacerle frente al pago durante el ejercicio de 2023. En los pasillos del hotel, la comitiva oficial contó a este diario algunos detalles extras.",Renta inesperada: los productores del agro zafarían,https://www.ambito.com/economia/empresas/renta-inesperada-los-productores-del-agro-zafarian-n5429399,ambito,www.ambito.com,4,69
2a52cca353a40d55dea0ee28f28e4d10,"   Bitcoin sube casi un 2% y se ubica en torno a los u$s38.000. Por primera vez desde inicios de 2018, se ha concretado una racha bajista del precio de bitcoin (BTC) de más de cuatro semanas. Desde el pasado sábado 30 de marzo hasta este domingo primero de mayo, se registraron cinco semanas en rojo consecutivas, que resultaron en un retroceso del precio de 17,4%. La caída del precio de BTC en abril regresa a bitcoin a los niveles de finales de enero, lo cual anula el terreno ganado con el repunte de febrero y marzo. La segunda criptomoneda de mayor capitalización de mercado, Ethereum, sube 1%. El mercado de criptomonedas opera con mayoría de subas de hasta el 4% lideradas por Terra y Solana. ",Bitcoin consolida su racha bajista de un mes y no despega: ¿Qué pasa con las criptomonedas?  ,https://www.ambito.com/finanzas/bitcoin/consolida-su-racha-bajista-un-mes-y-no-despega-que-pasa-las-criptomonedas-n5429507,ambito,www.ambito.com,8,61
88d1b8113ab1770c38a386b2b94a040b,   Carlos Zambrano movilizó la tranquilidad dominical de Boca y de la selección de Perú con una fuerte confesión que encendió las alarmas en ambas instituciones.,"Carlos Zambrano sorprendió: ""Estoy a un paso del retiro""",https://www.ambito.com/deportes/zambrano/carlos-sorprendio-estoy-un-paso-del-retiro-n5429329,ambito,www.ambito.com,5,14
ac2ac132d6c6720f76bc2af571ea4590,"  El censo digital, habilitado desde el 16 de marzo hasta el miércoles 18 de mayo, es una herramienta que permite completar el cuestionario censal en línea. La población puede responder las preguntas desde cualquier dispositivo electrónico (computadora, tablet o celular) con acceso a Internet de manera anticipada y, en el caso de haber respondido erróneamente, te contamos cómo editar",Censo 2022: cómo editar las respuestas del cuestionario digital,https://www.ambito.com/informacion-general/censo-2022/como-editar-las-respuestas-del-cuestionario-digital-n5428311,ambito,www.ambito.com,6,33
7ebaecddb90b25d1d99b66a5047553c8,   Las denuncias por estafas digitales se incrementaron casi 200% durante el primer trimestre del año en comparación con el mismo período de 2021. Así lo destaca un informe elaborado por el Observatorio de Cibercrimen y Evidencia Digital en Investigaciones Criminales de la Universidad Austral (Ocedic). ,Advierten que se triplicaron las denuncias por estafas digitales en el primer trimestre del año,https://www.ambito.com/informacion-general/estafas/advierten-que-se-triplicaron-las-denuncias-digitales-el-primer-trimestre-del-ano-n5428447,ambito,www.ambito.com,8,24
cd6faf84630df5ba29c25805cde4ceb8,"   La acción de la firma biotecnológica argentina Bioceres se disparó el viernes en Wall Street un 25%, su mayor alza desde que cotiza en la bolsa de Estados Unidos, por la aprobación de China de su soja tolerante a la sequía. ",Cuál fue la empresa argentina que subió en Wall Street el 25% en un sólo día,https://www.ambito.com/finanzas/wall-street/cual-fue-la-empresa-argentina-que-subio-el-25-un-solo-dia-n5428601,ambito,www.ambito.com,8,19
7ff551676a7fb8eb03b8cd8bcc2c37a5,"     Por Salvador Di Stéfano     Las reservas son muy escasas, salen muchos dólares por turismo, pago de préstamos y dividendos, la inversión extranjera directa está ausente. Se vienen más restricciones para las importaciones y viajes al exterior. El dólar subirá mucho en el segundo semestre. ",Dólar: el Banco Central pide la hora y se vienen más restricciones,https://www.ambito.com/finanzas/dolar/el-banco-central-pide-la-hora-y-se-vienen-mas-restricciones-n5429607,ambito,www.ambito.com,7,24
9da13508fb5dc0d7aea75d335978a337,"  Masterchef Celebrity, la revancha sigue avanzando y cada vez se pone más dificl. Este domingo Sofia Pachano, Juariu, María O´Donell, Analia Franchín, Joaquín Levinton, Vicky Xipolitakis y Georgina Barbarossa tuvieron que someterse a una de las pruebas más complicadas que se vieron hasta ahora, incluyendo todas las temporadas anteriores.","""MasterChef Celebrity, la revancha"": Georgina Barbarossa eliminada de la competencia",https://www.ambito.com/espectaculos/masterchef/celebrity-la-revancha-georgina-barbarossa-eliminada-la-competencia-n5429539,ambito,www.ambito.com,7,31
94444dc73fb2a1877a5edaa00e53ff0f,"   La tenista Luciana Moyano, una de las abanderadas de la delegación argentina en los III Juegos Sudamericanos de la Juventud Rosario 2022 le aportó dos medallas doradas a la Argentina luego de ganar el single femenino y el doble mixto.",El tenis le dio cinco medallas a Argentina en Rosario 2022,https://www.ambito.com/deportes/rosario/el-tenis-le-dio-cinco-medallas-argentina-2022-n5429290,ambito,www.ambito.com,6,22
a0336fdc879c9a0f1570621464922388,"  Mientras encara el primer tramo de su campaña presidencial, Lula Da Silva comienza a dar definiciones de cara a una eventual nueva gestión en Brasil. Este fin de semana,  el exmandatario planteó la idea de crear un moneda común en Latinoamérica para dejar de depender del dólar.  ",¿Adiós al dólar? Lula quiere crear una moneda única en Latinoamérica,https://www.ambito.com/mundo/lula/adios-al-dolar-quiere-crear-una-moneda-unica-latinoamerica-n5429347,ambito,www.ambito.com,7,29
92e055d09cdb7681993a4fabbda0fb85,"   Tottenham, con el defensor Cristian ""Cuti"" Romero como titular, le ganó 3 a 1 al Leicester City y sigue en la pelea por clasificarse a la próxima Champions League en la Premier inglesa.","Tottenham, con Romero de titular, ganó y sueña con la Champions League",https://www.ambito.com/deportes/tottenham/romero-titular-gano-y-suena-la-champions-league-n5429269,ambito,www.ambito.com,7,17
e257b5b5a4c142ebe3ab5dae2dad49a4,"  Según un reciente informe de Zonaprop, cada vez más los jóvenes eligen compartir vivienda con un compañero de piso o de cuarto lo que coloquialmente se llama ""roommate"". Aquella persona con la cual compartir el día a día puede ser un amigo o una amiga o simplemente una persona conocida. ","Por la suba de los alquileres, el 73% de los jóvenes se mudaría a un piso compartido",https://www.ambito.com/economia/alquileres/por-la-suba-los-el-73-los-jovenes-se-mudaria-un-piso-compartido-n5429211,ambito,www.ambito.com,6,28
3aafbc1819fb0e0f79af086d3e976523,"  El gobernador de Jujuy y presidente de la Unión Cívica Radical (UCR), Gerardo Morales, insistió este domingo en diferenciar a su partido del otro gran socio que tiene la coalición opositora Juntos por el Cambio, el PRO, al afirmar que el ex presidente Mauricio Macri no es el líder del espacio y que va a procurar que un dirigente radical llegue a la Casa Rosada en 2023.",Gerardo Morales advirtió que Macri no es su jefe y aseguró que peleará por la Presidencia,https://www.ambito.com/politica/gerardo-morales/advirtio-que-macri-no-es-su-jefe-y-aseguro-que-peleara-la-presidencia-n5429266,ambito,www.ambito.com,8,34
05cacbfe6c49a2627d4acc5af2a0cd7b,"  La exdiputada nacional y líder de la Coalición Cívica (CC), Elisa Carrió, afirmó este sábado que su espacio ""está llamado a ser libre, no libertinos"", y volvió a marcarle la cancha a Juntos por el Cambio (JxC) en su acercamiento a Javier Milei.  ","Carrió ratifica las diferencias con Milei: ""Estamos llamados a ser libres, no libertinos""",https://www.ambito.com/elisa-carrio/carrio-ratifica-las-diferencias-milei-estamos-llamados-ser-libres-no-libertinos-n5428999,ambito,www.ambito.com,8,24
e86735c5ca7386895ad65789e4cf76d3,"  El incremento del precio de los automóviles en el último año a un ritmo superior al de la inflación y de la evolución del tipo de cambio, generó que en abril un trabajador necesitará al menos un monto equivalente a 36,2 meses de salarios para poder comprar un vehículo 0 kilómetro, según un informe elaborado por la Asociación de Concesionarias de Automotores (ACARA). ","Por la suba de precios, se necesitaron 36,2 salarios para comprar un auto 0KM",https://www.ambito.com/economia/precios/por-la-suba-se-necesitaron-362-salarios-comprar-un-auto-0km-n5429190,ambito,www.ambito.com,6,31
cb23ee02bf658596f136726e04fcc72e,"     Por Santiago Reina    Entre la semana pasada y principios de esta semana comenzó a observarse un recalentamiento de la búsqueda de cobertura cambiaria, luego de casi tres meses de dólar calmo y contexto atractivo para realizar ""carry trade"" con títulos en pesos. Si bien el ""billete verde"" ofrece mayor seguridad contra la acelerada pérdida de valor de la moneda argentina, la inflación récord de Estados Unidos obliga también a buscar alternativas para ""poner a trabajar"" esos dólares. ",Para inversores locales: en qué poner a trabajar los dólares para ganarle a la inflación de EEUU,https://www.ambito.com/finanzas/dolar/para-inversores-locales-que-poner-trabajar-los-es-ganarle-la-inflacion-eeuu-n5428458,ambito,www.ambito.com,8,46
f30dbed6f4d837b085ce6a78eaf8660e,"  Mientras las consultoras privadas ya anticipan que el índice de inflación de abril estará cerca del 5% - con el fuerte impacto de subas en alimentos y servicios regulados-, el mes de mayo también llega con varios incrementos que impactarán en el bolsillo e impulsará la suba general de precios.","""Boom"" de aumentos en mayo: alquileres, internet, Netflix y prepagas ",https://www.ambito.com/economia/precios/boom-aumentos-mayo-alquileres-internet-netflix-y-prepagas-n5427177,ambito,www.ambito.com,7,24
d89fecb536099ed8560366770774fa66,"   Un bebé de ocho meses se encuentra internado tras ser atacado por un perro de raza pitbull, en el barrio Belgrano de la ciudad de San Pedro de Jujuy. ",Un pitbull atacó a un bebé de 8 meses ,https://www.ambito.com/informacion-general/jujuy/un-pitbull-ataco-un-bebe-8-meses-n5429602,ambito,www.ambito.com,4,17
bf01216a441fd7dc1105438c93ec7014,"  El DT de París Saint Germain de Francia, Mauricio Pochettino, defendió este domingo al crack rosarino  Lionel Messi, a quien comparó con Diego Maradona, a propósito de las críticas recibidas sobre su rendimiento en la temporada.","Mauricio Pochettino sobre Messi: ""Está al mismo nivel que Maradona""",https://www.ambito.com/deportes/messi/mauricio-pochettino-esta-al-mismo-nivel-que-maradona-n5429247,ambito,www.ambito.com,6,21
47e9be5ec683ff23ba26aed368a5af9a,"     Por Joaquín Rodríguez Freire   jrodriguez@ambito.com.ar   ""Los fantasmas de la guerra nunca se van"". La voz de Luis Zanello viene de lejos. De San Antonio Oeste, en Río Negro, una porción de la inmensidad patagónica. Esa misma inmensidad que hace 40 años veía al crucero ARA General Belgrano irse a pique tras ser atacado a traición por el submarino británico Conqueror. Fue el 2 de mayo de 1982, durante el Conflicto del Atlántico Sur. En el hecho murieron 323 argentinos, casi la mitad de los 649 caídos del bando.",El conscripto que atendió a los sobrevivientes del crucero Belgrano y calló su historia por 40 años,https://www.ambito.com/informacion-general/malvinas/el-conscripto-que-atendio-los-sobrevivientes-del-crucero-belgrano-y-callo-su-historia-40-anos-n5429432,ambito,www.ambito.com,8,50
9fb08a5511e753013401dd1849475ef5,   Maluma vivió su gran noche en Medellín su ciudad natal. El artista brindó un concierto histórico que sirvió para repasar sus 10 años de carrera y concluir su show con Madonna. ,Madonna apareció en un recital de Maluma en Colombia,https://www.ambito.com/espectaculos/madonna/aparecio-un-recital-maluma-colombia-n5429601,ambito,www.ambito.com,5,18
15e040bfb31e107dc30bbe1d7738177b,"  El Instituto de Estudios (IERAL) de la Fundación Mediterránea difundió un informe en el que analiza los precios de diversos productos en Argentina, comparados con los que se pagan en otros 14 países. Tras la llegada de turistas del exterior a la Argentina por un ""dólar regalado"", los economistas Marcelo Capello y Nicolás Cámpoli analizaron producto por producto medido al dólar oficial y al dólar blue.",A dólar blue y al oficial: cuáles son los productos argentinos más caros y más baratos comparados con el exterior,https://www.ambito.com/economia/dolar/a-blue-y-al-oficial-cuales-son-los-productos-argentinos-mas-caros-y-mas-baratos-comparados-el-exterior-n5429222,ambito,www.ambito.com,10,35
ceaa32cd564dca655cd6e410ec26ab84,"   La migraña es una dolencia que afecta a una de cada siete personas. Desde dolores de cabeza más intensos hasta náuseas y dificultad para concentrarse como las principales manifestaciones, DINES -empresa tecnológica incubada en la Universidad Nacional de Córdoba(UNC) e integrada por especialistas en ingeniería y en ciencias de la  salud- creó una solución:  Viex Tens, una vincha capaz de reducir el dolor hasta un 75%. ",Desarrollaron una vincha para tratar la migraña: cómo funciona y desde cuándo estará disponible,https://www.ambito.com/informacion-general/salud/desarrollaron-una-vincha-tratar-la-migrana-como-funciona-y-cuando-estara-disponible-n5428684,ambito,www.ambito.com,8,33
ae881d370bf119bbeb6d7e7661b2599b,"     Por Gabriel Matarazzo   Por algún motivo persiste esta idea de que la culpa la tienen los de afuera. A veces con intencionalidad, otras tantas a raíz de los rebotes de la economía internacional, que jamás favorecen a la Argentina. Los hechos terribles que estamos observando en Ucrania además parecen activar una cadena de imprevistos que recaen sin paraguas ni resortes que los aguanten sobre la fragilidad permanente de nuestro querido país.",Falta de gas en invierno: prever y reaccionar a tiempo para no frenar la industria,https://www.ambito.com/opiniones/gas/falta-invierno-prever-y-reaccionar-tiempo-no-frenar-la-industria-n5428114,ambito,www.ambito.com,8,35
2bf67de72508f153ba76df005451cd58,"  El dólar blue opera estable en el inicio de mayo tras haber retrocedido con fuerza nuevamente el viernes, según un relevamiento de Ámbito en el Mercado Negro de Divisas.",Dólar blue hoy: a cuánto cotiza este lunes 2 de mayo de 2022,https://www.ambito.com/finanzas/dolar-blue/hoy-cuanto-cotiza-este-lunes-2-mayo-2022-n5429305,ambito,www.ambito.com,7,18
2053bef322307f5a7c8b0dcd6d89d64c,"  Las Fuerzas Armadas de Ucrania han cifrado este lunes en ""cerca de 23.800"" el total de soldados rusos muertos en combate desde el inicio de la invasión el 24 de febrero, una cifra muy superior a la reconocida por Rusia.",Ucrania afirma haber matado a casi 23.800 soldados rusos durante la guerra,https://www.ambito.com/mundo/ucrania/afirma-haber-matado-casi-23800-soldados-rusos-la-guerra-n5429506,ambito,www.ambito.com,8,18
c94b4ae3e1d1f04f731ffc1499032b95,"         Por Marcelo Falak     Si algo le demostró la guerra en Ucrania a la Unión Europea (UE) es que el sueño de una Rusia aliada, con la que puede hacer negocios que implican inversiones multimillonarias y compromisos a largo plazo es justamente eso: un sueño. Así, el bloque ensaya una precipitada desconexión de su dependencia hidrocarburífera, en petróleo tal vez esta semana, mientras que los más duros -que son los menos comprometidos- buscan empujar también en el caso más sensible del gas. El conflicto bélico, así, adquiere un cariz económico delicado, echa raíces duraderas y comienza a delinear una nueva era para el mercado energético, que dará oportunidades a países hasta ahora periféricos como la Argentina.",Acelera Europa su desconexión  del gas ruso y abre una nueva era en el mercado global de la energía,https://www.ambito.com/mundo/rusia/acelera-europa-su-desconexion-del-gas-ruso-y-abre-una-nueva-era-el-mercado-global-la-energia-n5429385,ambito,www.ambito.com,10,63
8048e6e2c956d15da2899102fd08e95f,"   Pese a no haber sido uno de los automovilistas más consagrados de la Fórmula 1, Ayrton Senna es considerado como uno de los más grandes corredores de la élite del automovilismo y, además, es uno de los que más fanáticos reúnen en el mundo. ",Se cumplen 28 años de la muerte de Ayrton Senna: el recuerdo de uno de los automovilistas más grandes de la historia,https://www.ambito.com/deportes/formula-1/se-cumplen-28-anos-la-muerte-ayrton-senna-el-recuerdo-uno-los-automovilistas-mas-grandes-la-historia-n5429142,ambito,www.ambito.com,9,17
d8d88cdd82e46a98ea9bab4a48dd548f,  El expresidente de Colombia Álvaro Uribe cuestionó este domingo la decisión de la justicia que se negó a archivar su caso por presunto soborno y manipulación de testigos y en cambio allanó el camino para enjuiciarlo.,"Colombia: avanza la causa contra el expresidente Álvaro Uribe, que fustiga a la justicia",https://www.ambito.com/mundo/colombia/avanza-la-causa-contra-el-expresidente-alvaro-uribe-que-fustiga-la-justicia-n5429549,ambito,www.ambito.com,8,19
20b216219f659bde953f375f3023c258,"  Mientras la mayoría de los trabajadores de distintas ramas de la industria alcanzaron acuerdos paritarios con incrementos que rondan entre el 45% y el 60%, un gremio logró destacarse por un aumento mayor. La Federación Argentina de Trabajadores de la Seguridad Privada (FATRASEP) logró algo que hasta ahora no se vio en otros acuerdos: superar el monto de la inflación esperada para recomponer salarios. ",Paritaria récord: qué gremio logró acordar un aumento salarial de casi el 90%,https://www.ambito.com/economia/salarios/paritaria-record-que-gremio-logro-acordar-un-aumento-salarial-casi-el-90-n5429486,ambito,www.ambito.com,8,32
22bfb62dd556e05e5eeb4eef8aa3bedc,"  La Administración Nacional de la Seguridad Social (ANSES) sigue adelante con el calendario del mes de mayo, mientras comienza con el pago del  bono de $18.000 confirmado  por el Gobierno. Al mismo tiempo informó quehabrá novedades para los beneficiarios de jubilaciones y pensiones. ",Cuándo cobro ANSES: Trámite de Fe de vida para jubilados y pensionados cuáles son los bancos que no lo piden,https://www.ambito.com/informacion-general/anses/cuando-cobro-tramite-fe-vida-jubilados-y-pensionados-cuales-son-los-bancos-que-no-lo-piden-n5429489,ambito,www.ambito.com,11,24
4439550ddc2a379a501b4e1246ac2188,"   India incautó u$s725 millones de las cuentas bancarias locales de Xiaomi después de que una investigación revelara que el gigante chino envió ilegalmente dinero al extranjero bajo la apariencia de pagos de regalías, según informaron este sábado autoridades. ",India versus Xiaomi: el gobierno le incautó u$s725 millones al gigante chino por irregularidades financieras,https://www.ambito.com/negocios/india/versus-xiaomi-el-gobierno-le-incauto-us725-millones-al-gigante-chino-irregularidades-financieras-n5429354,ambito,www.ambito.com,11,25
d70429f139dfa6f5f77d84a97d838b15,"   Los trabajadores de la administración pública regresarán este lunes a la presencialidad plena, de acuerdo con el decreto del Gobierno nacional que estableció como fecha límite el 1 de mayo para poner fin a la modalidad de trabajo remoto, tras haber superado la etapa crítica de la pandemia de coronavirus.",Trabajadores de la administración pública retoman con la presencialidad plena,https://www.ambito.com/politica/presencialidad/trabajadores-la-administracion-publica-retoman-la-plena-n5429280,ambito,www.ambito.com,6,27
9bd66010ea9765953ef273db4163258b,"  La atención de los inversores estará principalmente puesta esta semana en la reunión del Comité de Operaciones de Mercado Abierto (FOMC) de la Reserva Federal (Fed), que se celebra el miércoles y en la que se definirá el nivel de tipos de interés oficiales. La Fed podría subir los tipos en 50 puntos básicos para dejar la tasa de interés oficial en el intervalo de entre 0,75 % y el 1%.",Semana clave para los mercados: las miradas atentas en la Fed y la suba de tasas,https://www.ambito.com/finanzas/fed/semana-clave-los-mercados-las-miradas-atentas-la-y-la-suba-tasas-n5429575,ambito,www.ambito.com,8,32
0b852ed05ac87e95a6997a1041e5c977,  Huracán recibirá a Rosario Central con la obligación de ganar para llegar a la última fecha de la Copa de la Liga Profesional con chances de meterse entre los cuatro mejores de la zona B.,"Huracán vs Rosario Central: Hora, TV y formaciones",https://www.ambito.com/deportes/huracan/vs-rosario-central-hora-tv-y-formaciones-n5429336,ambito,www.ambito.com,7,18
c87e128bcc4353635f437afa556621ba,"  Por supuesto que los rumores siempre inquietan a las empresas, y de ahí la palabra en vivo de los involucrados. Eso fue justamente los que buscó el Grupo Llao Llao, adonde además de Guzmán, también participaron Mauricio Macri, Horacio Rodríguez Larreta, y el disruptivo Javier Milei.",Se recalientan más las internas,https://www.ambito.com/politica/charlas-quincho/se-recalientan-mas-las-internas-n5429452,ambito,www.ambito.com,2,25
837de71b0f23696c4cf74d248861d93b,"     Por Jorge Herrera    Los datos del último Balance Cambiario del BCRA de marzo pasado reflejan sin duda lo acontecido en los últimos meses donde las apuestas al carry trade, decretaron cierto veranito cambiario lo que se tradujo en importantes compras de activos en pesos, sobre todo, ajustables por CER. Estas apuestas, a la estabilidad de los diferentes tipos de cambio, frenaron así la llamada fuga de divisas o atesoramiento que en marzo se derrumbó a solo u$s14 millones. ",Dólar: en marzo la fuga se frenó por las apuestas al carry trade,https://www.ambito.com/economia/dolar/marzo-la-fuga-se-freno-las-apuestas-al-carry-trade-n5429353,ambito,www.ambito.com,5,39
e09e0ef754c3daba8aa4c3783329d896,"     Por Pablo Kornblum   Recientemente, el Congreso chileno rechazó las dos propuestas de retiro de fondos de las Administradoras de Fondos de Pensiones(AFP, símil a nuestras otrora AFJP). La primera correspondía a un nuevo 10% -que se sumaba a los tres anteriores que comenzaron a implementarse desde 2020, cuyo objetivo en aquel momento había sido el paliar la crisis de empleo provocada por la pandemia de Covid-19- y la segunda era una propuesta del actual gobierno de  Gabriel Boric, la cual buscaba evitar una fuga masiva de dinero a través de acotar su utilización al pago exclusivo de deudas con bancos, financieras u otros tipos de instituciones que brinden servicios.","Inflación: ¿Mal de muchos, consuelo de tontos?",https://www.ambito.com/opiniones/pensiones/inflacion-mal-muchos-consuelo-tontos-n5428884,ambito,www.ambito.com,3,59
503731f8858ae121786e9cf7ff843d3a,"  En las tertulias judiciales del fin de la semana corrió el comentario, por lo curioso e impredecible, respecto a una demanda muy particular presentada hace algunas semanas. El dueño de la plataforma Zoom -cuyo uso (y acciones) se dispararon a causa de la pandemia- Eric Yuan fue denunciado penalmente en los tribunales federales de Comodoro Py.  ",Zoom en la mira de Comodoro Py,https://www.ambito.com/judiciales/charlas-quincho/zoom-la-mira-comodoro-py-n5429451,ambito,www.ambito.com,4,29
c14de925a0f401224e09cb940fbc11ab,"   Inter venció a Udinese por 2-1, como visitante y con un gol de Lautaro Martínez, y continúa a dos puntos de Milan, que derrotó a Fiorentina por 1-0 como local, en la pelea por el título de la Serie A de Italia.",Inter no se baja de la pelea gracias a un curioso gol de Lautaro Martínez,https://www.ambito.com/deportes/inter/no-se-baja-la-pelea-gracias-un-curioso-gol-lautaro-martinez-n5429253,ambito,www.ambito.com,8,18
a5e5cff3a165a8b7370a91deecf4ae5d,  Estalló el escándalo en el club Deportivo Español: la Policía de la Ciudad clausuró dicha institución debido a que se constató que allí se llevaban a cabo torneos de penales y juegos de azar clandestinos por dinero. ,Clausuraron el club Deportivo Español por organizar torneos clandestinos: hay 24 detenidos,https://www.ambito.com/deportes/policia-la-ciudad/clausuraron-el-club-deportivo-espanol-organizar-torneos-clandestinos-hay-24-detenidos-n5429621,ambito,www.ambito.com,8,21
ce2c3814fad6f332db8049a3279ed396,"  El dólar hoy -sin los impuestos- subió 35 centavos el viernes 29 de abril a $120,64 para la venta, de acuerdo al promedio en los principales bancos del sistema financiero, mientras que en el Banco Nación el billete se mantuvo sin cambios a $119,75 para la venta. ",Dólar hoy: a cuánto cotiza en los bancos este lunes 2 de mayo de 2022,https://www.ambito.com/finanzas/dolar/hoy-cuanto-cotiza-los-bancos-este-lunes-2-mayo-2022-n5429475,ambito,www.ambito.com,7,20
7838f5fa2c278e6a056e53cc190395df,"   Una mujer fue encontrada asesinada a golpes en su vivienda de la localidad bonaerense de Cañuelas y por el femicidio es buscada su pareja, informaron este lunes fuentes policiales. ",Asesinaron a una mujer en su casa de Cañuelas ,https://www.ambito.com/informacion-general/femicidio/asesinaron-una-mujer-su-casa-canuelas-n5429493,ambito,www.ambito.com,4,15
82ec285219d714623adb13044a3e5af4,"  La actriz española Ester Expósito llegó a la Argentina para visitar a su novio, Nico Furtado. Y el actor, fanático confeso de la banda, la llevo el sábado al recital que La Renga ofreció en el Estadio Único de La Plata.",Nico Furtado y Ester Expósito estuvieron en el show de La Renga y fueron tendencia en las redes,https://www.ambito.com/espectaculos/instagram/nico-furtado-y-ester-exposito-estuvieron-el-show-la-renga-y-fueron-tendencia-las-redes-n5429582,ambito,www.ambito.com,8,22
a62435d261ceffdf51010073d70720ff,"  El extitular de la Agencia Federal de Inteligencia (AFI) macrista, Gustavo Arribas, se presentará hoy a declarar en el marco de la investigación por la Gestapo antisindical que lleva adelante la comisión Bicameral de Inteligencia del Congreso de la Nación.",Espionaje ilegal: la Bicameral de Inteligencia recibe a Gustavo Arribas,https://www.ambito.com/afi/espionaje-ilegal-la-bicameral-inteligencia-recibe-gustavo-arribas-n5429574,ambito,www.ambito.com,7,22
1a8b76e7fefdd6cbec0f95f8ce052a84,"   Electrodomésticos, celulares, muebles, indumentaria, colchones y hasta motos son algunos de los productos que pueden comprarse en cuotas sin la necesidad de contar con una tarjeta de crédito de un banco, a partir de la aparición de empresas de finanzas digitales (fintech) que facilitan el acceso al crédito a población sin ingresos fijos o formales. ",Cuotas sin tarjeta: opciones para comprar desde motos hasta electrodomésticos sin pasar por un banco,https://www.ambito.com/economia/fintech/cuotas-tarjeta-opciones-comprar-motos-electrodomesticos-pasar-un-banco-n5429255,ambito,www.ambito.com,8,28
6b4a36a8d48ed61108559c17ccc47e78,  El mundo audiovisual iberoamericano concretó la novena entrega de Premios Platino 2022 donde El buen patrón dominó en el cine y la argentina El Reino lo hizo entre las series.,"Premios Platino 2022: ""El buen patrón"" en cine y ""El Reino"" en series dominaron la entrega",https://www.ambito.com/espectaculos/premios/platino-2022-el-buen-patron-cine-y-el-reino-series-dominaron-la-entrega-n5429375,ambito,www.ambito.com,9,14
10d89aa765048673ea58b81a69d336bd,"     Por Ignacio Ayanz   La invasión de Rusia a Ucrania genera, entre otras cosas, un cambio en el mercado internacional de energía cuya consecuencia más inmediata es el aumento de los precios del gas y del petróleo. Con ello, la compleja situación de la Argentina en materia energética se vuelve aún más incierta en términos de abastecimiento y de precios. Luego de aprobarse el acuerdo con el Fondo Monetario Internacional (FMI), el gran desafío del Gobierno para los próximos meses será administrar la ya anunciada escasez de gas y el inminente aumento de tarifas.",Cuánto se ahorra con paneles solares y la energía distribuida,https://www.ambito.com/opiniones/energias-renovables/cuanto-se-ahorra-paneles-solares-y-la-energia-distribuida-n5427976,ambito,www.ambito.com,6,49
02f0b1a238c27f0cfecff6df67706ecc,"  El diputado nacional del Frente de Todos y presidente del PJ bonaerense, Máximo Kirchner, instó al sector financiero y a los empresarios a que ""se dejen de hacer los distraídos"" frente a trabajadores y un Estado que colaboraron durante la pandemia, en el marco de un  plenario sindical en la ciudad de Baradero, previo a la celebración del Día del Trabajador. ","Máximo Kirchner pidió a los empresarios y al sector financiero que ""se dejen de hacer los distraídos""",https://www.ambito.com/politica/maximo-kirchner/pidio-los-empresarios-y-al-sector-financiero-que-se-dejen-hacer-los-distraidos-n5428674,ambito,www.ambito.com,9,28
e367af12587b158b413cad5ddb3a357d,"     Por Iñaki Apezteguia   En la actualidad existen más de 12 mil opciones de criptomonedas, por lo cual la elección de los inversores a veces puede resultar compleja. Estos suelen distinguirse según dos visiones: fundamental y técnica. A partir de su análisis, su visión y el grado riesgo que quieran correr elegirán el Bitcoin, el Ether, o cualquier otra altcoin disponible en el mercado.",Ya existen 12.000 criptomonedas: ¿cómo elegir en cuál invertir?,https://www.ambito.com/opiniones/criptomonedas/ya-existen-12000-como-elegir-cual-invertir-n5427969,ambito,www.ambito.com,5,34
